ecosystem,packageName,name,displayName,description,recipeCount,category1,category2,category3,category1Description,category2Description,category3Description,options,dataTables
maven,org.openrewrite.recipe:rewrite-java-dependencies,org.openrewrite.java.dependencies.ChangeDependency,Change Gradle or Maven dependency,"Change the group ID, artifact ID, and/or the version of a specified Gradle or Maven dependency.",1,,Dependencies,Java,,,Basic building blocks for transforming Java code.,"[{""name"":""oldGroupId"",""type"":""String"",""displayName"":""Old group ID"",""description"":""The old group ID to replace. The group ID is the first part of a dependency coordinate 'com.google.guava:guava:VERSION'. Supports glob expressions."",""example"":""org.openrewrite.recipe"",""required"":true},{""name"":""oldArtifactId"",""type"":""String"",""displayName"":""Old artifact ID"",""description"":""The old artifact ID to replace. The artifact ID is the second part of a dependency coordinate 'com.google.guava:guava:VERSION'. Supports glob expressions."",""example"":""rewrite-testing-frameworks"",""required"":true},{""name"":""newGroupId"",""type"":""String"",""displayName"":""New group ID"",""description"":""The new group ID to use. Defaults to the existing group ID."",""example"":""corp.internal.openrewrite.recipe""},{""name"":""newArtifactId"",""type"":""String"",""displayName"":""New artifact ID"",""description"":""The new artifact ID to use. Defaults to the existing artifact ID."",""example"":""rewrite-testing-frameworks""},{""name"":""newVersion"",""type"":""String"",""displayName"":""New version"",""description"":""An exact version number or node-style semver selector used to select the version number."",""example"":""29.X""},{""name"":""versionPattern"",""type"":""String"",""displayName"":""Version pattern"",""description"":""Allows version selection to be extended beyond the original Node Semver semantics. So for example,Setting 'version' to \""25-29\"" can be paired with a metadata pattern of \""-jre\"" to select Guava 29.0-jre"",""example"":""-jre""},{""name"":""overrideManagedVersion"",""type"":""Boolean"",""displayName"":""Override managed version"",""description"":""If the new dependency has a managed version, this flag can be used to explicitly set the version on the dependency. The default for this flag is `false`.""},{""name"":""changeManagedDependency"",""type"":""Boolean"",""displayName"":""Update dependency management"",""description"":""Also update the dependency management section. The default for this flag is `true`.""}]",
maven,org.openrewrite.recipe:rewrite-java-dependencies,org.openrewrite.java.dependencies.DependencyInsight,Dependency insight for Gradle and Maven,"Finds dependencies, including transitive dependencies, in both Gradle and Maven projects. Matches within all Gradle dependency configurations and Maven scopes.",1,,Dependencies,Java,,,Basic building blocks for transforming Java code.,"[{""name"":""groupIdPattern"",""type"":""String"",""displayName"":""Group pattern"",""description"":""Group ID glob pattern used to match dependencies."",""example"":""com.fasterxml.jackson*"",""required"":true},{""name"":""artifactIdPattern"",""type"":""String"",""displayName"":""Artifact pattern"",""description"":""Artifact ID glob pattern used to match dependencies."",""example"":""jackson-*"",""required"":true},{""name"":""version"",""type"":""String"",""displayName"":""Version"",""description"":""Match only dependencies with the specified version. Node-style [version selectors](https://docs.openrewrite.org/reference/dependency-version-selectors) may be used. All versions are searched by default."",""example"":""1.x""},{""name"":""scope"",""type"":""String"",""displayName"":""Scope"",""description"":""Match dependencies with the specified Maven scope. All scopes are searched by default."",""example"":""compile"",""valid"":[""compile"",""test"",""runtime"",""provided"",""system""]}]","[{""name"":""org.openrewrite.maven.table.DependenciesInUse"",""displayName"":""Dependencies in use"",""description"":""Direct and transitive dependencies in use."",""columns"":[{""name"":""projectName"",""type"":""String"",""displayName"":""Project name"",""description"":""The name of the project that contains the dependency.""},{""name"":""sourceSet"",""type"":""String"",""displayName"":""Source set"",""description"":""The source set that contains the dependency.""},{""name"":""groupId"",""type"":""String"",""displayName"":""Group"",""description"":""The first part of a dependency coordinate `com.google.guava:guava:VERSION`.""},{""name"":""artifactId"",""type"":""String"",""displayName"":""Artifact"",""description"":""The second part of a dependency coordinate `com.google.guava:guava:VERSION`.""},{""name"":""version"",""type"":""String"",""displayName"":""Version"",""description"":""The resolved version.""},{""name"":""datedSnapshotVersion"",""type"":""String"",""displayName"":""Dated snapshot version"",""description"":""The resolved dated snapshot version or `null` if this dependency is not a snapshot.""},{""name"":""scope"",""type"":""String"",""displayName"":""Scope"",""description"":""Dependency scope. This will be `compile` if the dependency is direct and a scope is not explicitly specified in the POM.""},{""name"":""count"",""type"":""Integer"",""displayName"":""Count"",""description"":""How many times does this dependency appear.""}]}]"
maven,org.openrewrite.recipe:rewrite-java-dependencies,org.openrewrite.java.dependencies.DependencyList,Dependency report,Emits a data table detailing all Gradle and Maven dependencies. This recipe makes no changes to any source file.,1,,Dependencies,Java,,,Basic building blocks for transforming Java code.,"[{""name"":""scope"",""type"":""Scope"",""displayName"":""Scope"",""description"":""The scope of the dependencies to include in the report.Defaults to \""Compile\"""",""example"":""Compile"",""valid"":[""Compile"",""Runtime"",""TestRuntime""]},{""name"":""includeTransitive"",""type"":""boolean"",""displayName"":""Include transitive dependencies"",""description"":""Whether or not to include transitive dependencies in the report. Defaults to including only direct dependencies.Defaults to false."",""example"":""true"",""value"":false},{""name"":""validateResolvable"",""type"":""boolean"",""displayName"":""Validate dependencies are resolvable"",""description"":""When enabled the recipe will attempt to download every dependency it encounters, reporting on any failures. This can be useful for identifying dependencies that have become unavailable since an LST was produced.Defaults to false."",""example"":""true"",""valid"":[""true"",""false""],""value"":false}]","[{""name"":""org.openrewrite.java.dependencies.table.DependencyListReport"",""displayName"":""Dependency report"",""description"":""Lists all Gradle and Maven dependencies"",""columns"":[{""name"":""buildTool"",""type"":""String"",""displayName"":""Build tool"",""description"":""The build tool used to manage dependencies (Gradle or Maven).""},{""name"":""groupId"",""type"":""String"",""displayName"":""Group id"",""description"":""The Group ID of the Gradle project or Maven module requesting the dependency.""},{""name"":""artifactId"",""type"":""String"",""displayName"":""Artifact id"",""description"":""The Artifact ID of the Gradle project or Maven module requesting the dependency.""},{""name"":""version"",""type"":""String"",""displayName"":""Version"",""description"":""The version of Gradle project or Maven module requesting the dependency.""},{""name"":""dependencyGroupId"",""type"":""String"",""displayName"":""Dependency group id"",""description"":""The Group ID of the dependency.""},{""name"":""dependencyArtifactId"",""type"":""String"",""displayName"":""Dependency artifact id"",""description"":""The Artifact ID of the dependency.""},{""name"":""dependencyVersion"",""type"":""String"",""displayName"":""Dependency version"",""description"":""The version of the dependency.""},{""name"":""direct"",""type"":""boolean"",""displayName"":""Direct Dependency"",""description"":""When `true` the project directly depends on the dependency. When `false` the project depends on the dependency transitively through at least one direct dependency.""},{""name"":""resolutionFailure"",""type"":""String"",""displayName"":""Resolution failure"",""description"":""The reason why the dependency could not be resolved. Blank when resolution was not attempted.""}]},{""name"":""org.openrewrite.maven.table.MavenMetadataFailures"",""displayName"":""Maven metadata failures"",""description"":""Attempts to resolve maven metadata that failed."",""columns"":[{""name"":""group"",""type"":""String"",""displayName"":""Group id"",""description"":""The groupId of the artifact for which the metadata download failed.""},{""name"":""artifactId"",""type"":""String"",""displayName"":""Artifact id"",""description"":""The artifactId of the artifact for which the metadata download failed.""},{""name"":""version"",""type"":""String"",""displayName"":""Version"",""description"":""The version of the artifact for which the metadata download failed.""},{""name"":""mavenRepositoryUri"",""type"":""String"",""displayName"":""Maven repository"",""description"":""The URL of the Maven repository that the metadata download failed on.""},{""name"":""snapshots"",""type"":""String"",""displayName"":""Snapshots"",""description"":""Does the repository support snapshots.""},{""name"":""releases"",""type"":""String"",""displayName"":""Releases"",""description"":""Does the repository support releases.""},{""name"":""failure"",""type"":""String"",""displayName"":""Failure"",""description"":""The reason the metadata download failed.""}]}]"
maven,org.openrewrite.recipe:rewrite-java-dependencies,org.openrewrite.java.dependencies.FindDependency,Find Maven and Gradle dependencies,Finds direct dependencies declared in Maven and Gradle build files. This does *not* search transitive dependencies. To detect both direct and transitive dependencies use `org.openrewrite.java.dependencies.DependencyInsight` This recipe works for both Maven and Gradle projects.,1,,Dependencies,Java,,,Basic building blocks for transforming Java code.,"[{""name"":""groupId"",""type"":""String"",""displayName"":""Group ID"",""description"":""The first part of a dependency coordinate identifying its publisher."",""example"":""com.google.guava"",""required"":true},{""name"":""artifactId"",""type"":""String"",""displayName"":""Artifact ID"",""description"":""The second part of a dependency coordinate uniquely identifying it among artifacts from the same publisher."",""example"":""guava"",""required"":true},{""name"":""version"",""type"":""String"",""displayName"":""Version"",""description"":""An exact version number or node-style semver selector used to select the version number."",""example"":""3.0.0""},{""name"":""versionPattern"",""type"":""String"",""displayName"":""Version pattern"",""description"":""Allows version selection to be extended beyond the original Node Semver semantics. So for example, setting 'version' to \""25-29\"" can be paired with a metadata pattern of \""-jre\"" to select Guava 29.0-jre"",""example"":""-jre""},{""name"":""configuration"",""type"":""String"",""displayName"":""Configuration"",""description"":""For Gradle only, the dependency configuration to search for dependencies in. If omitted then all configurations will be searched."",""example"":""api""}]",
maven,org.openrewrite.recipe:rewrite-java-dependencies,org.openrewrite.java.dependencies.FindRepositoryOrder,Maven repository order,Determine the order in which dependencies will be resolved for each `pom.xml` or `build.gradle` based on its defined repositories and effective settings.,1,Search,Maven,,,,,,
maven,org.openrewrite.recipe:rewrite-java-dependencies,org.openrewrite.java.dependencies.FindRepositoryOrder,Maven repository order,Determine the order in which dependencies will be resolved for each `pom.xml` or `build.gradle` based on its defined repositories and effective settings.,1,Search,Gradle,,,,,,
maven,org.openrewrite.recipe:rewrite-java-dependencies,org.openrewrite.java.dependencies.AddDependency,Add Gradle or Maven dependency,"For a Gradle project, add a gradle dependency to a `build.gradle` file in the correct configuration based on where it is used. Or For a maven project, Add a Maven dependency to a `pom.xml` file in the correct scope based on where it is used.",1,,Dependencies,Java,,,Basic building blocks for transforming Java code.,"[{""name"":""groupId"",""type"":""String"",""displayName"":""Group ID"",""description"":""The first part of a dependency coordinate `com.google.guava:guava:VERSION`."",""example"":""com.google.guava"",""required"":true},{""name"":""artifactId"",""type"":""String"",""displayName"":""Artifact ID"",""description"":""The second part of a dependency coordinate `com.google.guava:guava:VERSION`"",""example"":""guava"",""required"":true},{""name"":""version"",""type"":""String"",""displayName"":""Version"",""description"":""An exact version number or node-style semver selector used to select the version number."",""example"":""29.X""},{""name"":""versionPattern"",""type"":""String"",""displayName"":""Version pattern"",""description"":""Allows version selection to be extended beyond the original Node Semver semantics. So for example, Setting 'version' to \""25-29\"" can be paired with a metadata pattern of \""-jre\"" to select Guava 29.0-jre"",""example"":""-jre""},{""name"":""onlyIfUsing"",""type"":""String"",""displayName"":""Only if using"",""description"":""Used to determine if the dependency will be added and in which scope it should be placed."",""example"":""org.junit.jupiter.api.*""},{""name"":""classifier"",""type"":""String"",""displayName"":""Classifier"",""description"":""A classifier to add. Commonly used to select variants of a library."",""example"":""test""},{""name"":""familyPattern"",""type"":""String"",""displayName"":""Family pattern"",""description"":""A pattern, applied to groupIds, used to determine which other dependencies should have aligned version numbers. Accepts '*' as a wildcard character."",""example"":""com.fasterxml.jackson*""},{""name"":""extension"",""type"":""String"",""displayName"":""Extension"",""description"":""For Gradle only, The extension of the dependency to add. If omitted Gradle defaults to assuming the type is \""jar\""."",""example"":""jar""},{""name"":""configuration"",""type"":""String"",""displayName"":""Gradle configuration"",""description"":""The Gradle dependency configuration name within which to place the dependency. When omitted the configuration will be determined by the Maven scope parameter. If that parameter is also omitted, configuration will be determined based on where types matching `onlyIfUsing` appear in source code."",""example"":""implementation""},{""name"":""scope"",""type"":""String"",""displayName"":""Maven scope"",""description"":""The Maven scope within which to place the dependency. When omitted scope will be determined based on where types matching `onlyIfUsing` appear in source code."",""example"":""runtime"",""valid"":[""compile"",""provided"",""runtime"",""test""]},{""name"":""releasesOnly"",""type"":""Boolean"",""displayName"":""Releases only"",""description"":""For Maven only, Whether to exclude snapshots from consideration when using a semver selector""},{""name"":""type"",""type"":""String"",""displayName"":""Type"",""description"":""For Maven only, The type of dependency to add. If omitted Maven defaults to assuming the type is \""jar\""."",""example"":""jar"",""valid"":[""jar"",""pom"",""war""]},{""name"":""optional"",""type"":""Boolean"",""displayName"":""Optional"",""description"":""Set the value of the `<optional>` tag. No `<optional>` tag will be added when this is `null`.""},{""name"":""acceptTransitive"",""type"":""Boolean"",""displayName"":""Accept transitive"",""description"":""Default false. If enabled, the dependency will not be added if it is already on the classpath as a transitive dependency."",""example"":""true""}]",
maven,org.openrewrite.recipe:rewrite-java-dependencies,org.openrewrite.java.dependencies.DependencyResolutionDiagnostic,Dependency resolution diagnostic,"Recipes which manipulate dependencies must be able to successfully access the artifact repositories and resolve dependencies from them. This recipe produces two data tables used to understand the state of dependency resolution. 

The Repository accessibility report lists all the artifact repositories known to the project and whether respond to network access. The network access is attempted while the recipe is run and so is representative of current conditions. 

The Gradle dependency configuration errors lists all the dependency configurations that failed to resolve one or more dependencies when the project was parsed. This is representative of conditions at the time the LST was parsed.",1,,Dependencies,Java,,,Basic building blocks for transforming Java code.,"[{""name"":""groupId"",""type"":""String"",""displayName"":""Group ID"",""description"":""The group ID of a dependency to attempt to download from the repository. Default value is \""com.fasterxml.jackson.core\"". If this dependency is not found in the repository the error will be noted in the report. There is no need to specify an alternate value for this parameter unless the repository is known not to contain jackson-core."",""example"":""com.fasterxml.jackson.core""},{""name"":""artifactId"",""type"":""String"",""displayName"":""Artifact ID"",""description"":""The artifact ID of a dependency to attempt to download from the repository. Default value is \""jackson-core\"". If this dependency is not found in the repository the error will be noted in the report. There is no need to specify an alternate value for this parameter unless the repository is known not to contain jackson-core."",""example"":""jackson-core""},{""name"":""version"",""type"":""String"",""displayName"":""Version"",""description"":""The version of a dependency to attempt to download from the repository. Default value is \""2.16.0\"". If this dependency is not found in the repository the error will be noted in the report. There is no need to specify an alternate value for this parameter unless the repository is known not to contain jackson-core."",""example"":""2.16.0""}]","[{""name"":""org.openrewrite.java.dependencies.table.RepositoryAccessibilityReport"",""displayName"":""Repository accessibility report"",""description"":""Listing of all dependency repositories and whether they are accessible."",""columns"":[{""name"":""uri"",""type"":""String"",""displayName"":""Repository URI"",""description"":""The URI of the repository""},{""name"":""pingExceptionType"",""type"":""String"",""displayName"":""Ping exception type"",""description"":""Empty if the repository responded to a ping. Otherwise, the type of exception encountered when attempting to access the repository.""},{""name"":""pingExceptionMessage"",""type"":""String"",""displayName"":""Ping error message"",""description"":""Empty if the repository was accessible. Otherwise, the error message encountered when attempting to access the repository.""},{""name"":""pingHttpCode"",""type"":""Integer"",""displayName"":""Ping HTTP code"",""description"":""The HTTP response code returned by the repository. May be empty for non-HTTP repositories.""},{""name"":""dependencyResolveExceptionType"",""type"":""String"",""displayName"":""Dependency resolution exception type"",""description"":""Empty if ping failed, or if the repository successfully downloaded the specified dependency. Otherwise, the type of exception encountered when attempting to access the repository.""},{""name"":""dependencyResolveExceptionMessage"",""type"":""String"",""displayName"":""Dependency resolution error message"",""description"":""Empty if ping failed, or if the repository successfully downloaded the specified dependency. Otherwise, the error message encountered when attempting to access the repository.""}]},{""name"":""org.openrewrite.java.dependencies.table.GradleDependencyConfigurationErrors"",""displayName"":""Gradle dependency configuration errors"",""description"":""Records Gradle dependency configurations which failed to resolve during parsing. Partial success/failure is common, a failure in this list does not mean that every dependency failed to resolve."",""columns"":[{""name"":""projectPath"",""type"":""String"",""displayName"":""Project path"",""description"":""The path of the project which contains the dependency configuration.""},{""name"":""configurationName"",""type"":""String"",""displayName"":""Configuration name"",""description"":""The name of the dependency configuration which failed to resolve.""},{""name"":""exceptionType"",""type"":""String"",""displayName"":""Exception type"",""description"":""The type of exception encountered when attempting to resolve the dependency configuration.""},{""name"":""exceptionMessage"",""type"":""String"",""displayName"":""Error message"",""description"":""The error message encountered when attempting to resolve the dependency configuration.""}]}]"
maven,org.openrewrite.recipe:rewrite-java-dependencies,org.openrewrite.java.dependencies.RelocatedDependencyCheck,Find relocated dependencies,"Find Maven and Gradle dependencies and Maven plugins that have relocated to a new `groupId` or `artifactId`. Relocation information comes from the [oga-maven-plugin](https://github.com/jonathanlermitage/oga-maven-plugin/) maintained by Jonathan Lermitage, Filipe Roque and others.

This recipe makes no changes to any source file by default. Add `changeDependencies=true` to change dependencies, but note that you might need to run additional recipes to update imports and adopt other breaking changes.",1,,Dependencies,Java,,,Basic building blocks for transforming Java code.,"[{""name"":""changeDependencies"",""type"":""Boolean"",""displayName"":""Change dependencies"",""description"":""Whether to change dependencies to their relocated groupId and artifactId.""}]","[{""name"":""org.openrewrite.java.dependencies.table.RelocatedDependencyReport"",""displayName"":""Relocated dependencies"",""description"":""A list of dependencies in use that have relocated."",""columns"":[{""name"":""dependencyGroupId"",""type"":""String"",""displayName"":""Dependency group id"",""description"":""The Group ID of the dependency in use.""},{""name"":""dependencyArtifactId"",""type"":""String"",""displayName"":""Dependency artifact id"",""description"":""The Artifact ID of the dependency in use.""},{""name"":""relocatedGroupId"",""type"":""String"",""displayName"":""Relocated dependency group id"",""description"":""The Group ID of the relocated dependency.""},{""name"":""relocatedArtifactId"",""type"":""String"",""displayName"":""Relocated ependency artifact id"",""description"":""The Artifact ID of the relocated dependency.""},{""name"":""context"",""type"":""String"",""displayName"":""Context"",""description"":""Context for the relocation, if any.""}]}]"
maven,org.openrewrite.recipe:rewrite-java-dependencies,org.openrewrite.java.dependencies.RemoveDependency,Remove a Gradle or Maven dependency,"For Gradle project, removes a single dependency from the dependencies section of the `build.gradle`.
For Maven project, removes a single dependency from the `<dependencies>` section of the pom.xml.",1,,Dependencies,Java,,,Basic building blocks for transforming Java code.,"[{""name"":""groupId"",""type"":""String"",""displayName"":""Group ID"",""description"":""The first part of a dependency coordinate `com.google.guava:guava:VERSION`. This can be a glob expression."",""example"":""com.fasterxml.jackson*"",""required"":true},{""name"":""artifactId"",""type"":""String"",""displayName"":""Artifact ID"",""description"":""The second part of a dependency coordinate `com.google.guava:guava:VERSION`. This can be a glob expression."",""example"":""jackson-module*"",""required"":true},{""name"":""unlessUsing"",""type"":""String"",""displayName"":""Unless using"",""description"":""Do not remove if type is in use. Supports glob expressions."",""example"":""org.aspectj.lang.*""},{""name"":""configuration"",""type"":""String"",""displayName"":""The dependency configuration"",""description"":""The dependency configuration to remove from."",""example"":""api""},{""name"":""scope"",""type"":""String"",""displayName"":""Scope"",""description"":""Only remove dependencies if they are in this scope. If 'runtime', this willalso remove dependencies in the 'compile' scope because 'compile' dependencies are part of the runtime dependency set"",""example"":""compile"",""valid"":[""compile"",""test"",""runtime"",""provided""]}]",
maven,org.openrewrite.recipe:rewrite-java-dependencies,org.openrewrite.java.dependencies.RemoveRedundantDependencies,Remove redundant explicit dependencies,"Remove explicit dependencies that are already provided transitively by a specified dependency. This recipe downloads and resolves the parent dependency's POM to determine its true transitive dependencies, allowing it to detect redundancies even when both dependencies are explicitly declared.",1,,Dependencies,Java,,,Basic building blocks for transforming Java code.,"[{""name"":""groupId"",""type"":""String"",""displayName"":""Group ID"",""description"":""The first part of a dependency coordinate `com.google.guava:guava:VERSION` of the parent dependency. This can be a glob expression."",""example"":""com.fasterxml.jackson.core"",""required"":true},{""name"":""artifactId"",""type"":""String"",""displayName"":""Artifact ID"",""description"":""The second part of a dependency coordinate `com.google.guava:guava:VERSION` of the parent dependency. This can be a glob expression."",""example"":""jackson-databind"",""required"":true}]",
maven,org.openrewrite.recipe:rewrite-java-dependencies,org.openrewrite.java.dependencies.UpgradeDependencyVersion,Upgrade Gradle or Maven dependency versions,"For Gradle projects, upgrade the version of a dependency in a `build.gradle` file. Supports updating dependency declarations of various forms:
 * `String` notation: `""group:artifact:version""` 
 * `Map` notation: `group: 'group', name: 'artifact', version: 'version'`
It is possible to update version numbers which are defined earlier in the same file in variable declarations.

For Maven projects, upgrade the version of a dependency by specifying a group ID and (optionally) an artifact ID using Node Semver advanced range selectors, allowing more precise control over version updates to patch or minor releases.",1,,Dependencies,Java,,,Basic building blocks for transforming Java code.,"[{""name"":""groupId"",""type"":""String"",""displayName"":""Group ID"",""description"":""The first part of a dependency coordinate `com.google.guava:guava:VERSION`. This can be a glob expression."",""example"":""com.fasterxml.jackson*"",""required"":true},{""name"":""artifactId"",""type"":""String"",""displayName"":""Artifact ID"",""description"":""The second part of a dependency coordinate `com.google.guava:guava:VERSION`. This can be a glob expression."",""example"":""jackson-module*"",""required"":true},{""name"":""newVersion"",""type"":""String"",""displayName"":""New version"",""description"":""An exact version number or node-style semver selector used to select the version number. "",""example"":""29.X"",""required"":true},{""name"":""versionPattern"",""type"":""String"",""displayName"":""Version pattern"",""description"":""Allows version selection to be extended beyond the original Node Semver semantics. So for example,Setting 'version' to \""25-29\"" can be paired with a metadata pattern of \""-jre\"" to select Guava 29.0-jre"",""example"":""-jre""},{""name"":""overrideManagedVersion"",""type"":""Boolean"",""displayName"":""Override managed version"",""description"":""For Maven project only, This flag can be set to explicitly override a managed dependency's version. The default for this flag is `false`.""},{""name"":""retainVersions"",""type"":""List"",""displayName"":""Retain versions"",""description"":""For Maven project only, accepts a list of GAVs. For each GAV, if it is a project direct dependency, and it is removed from dependency management after the changes from this recipe, then it will be retained with an explicit version. The version can be omitted from the GAV to use the old value from dependency management."",""example"":""com.jcraft:jsch""}]",
maven,org.openrewrite.recipe:rewrite-java-dependencies,org.openrewrite.java.dependencies.UpgradeTransitiveDependencyVersion,Upgrade transitive Gradle or Maven dependencies,"Upgrades the version of a transitive dependency in a Maven pom.xml or Gradle build.gradle. Leaves direct dependencies unmodified. Can be paired with the regular Upgrade Dependency Version recipe to upgrade a dependency everywhere, regardless of whether it is direct or transitive.",1,,Dependencies,Java,,,Basic building blocks for transforming Java code.,"[{""name"":""groupId"",""type"":""String"",""displayName"":""Group"",""description"":""The first part of a dependency coordinate 'org.apache.logging.log4j:ARTIFACT_ID:VERSION'."",""example"":""org.apache.logging.log4j"",""required"":true},{""name"":""artifactId"",""type"":""String"",""displayName"":""Artifact"",""description"":""The second part of a dependency coordinate 'org.apache.logging.log4j:log4j-bom:VERSION'."",""example"":""log4j-bom"",""required"":true},{""name"":""version"",""type"":""String"",""displayName"":""Version"",""description"":""An exact version number or node-style semver selector used to select the version number."",""example"":""latest.release"",""required"":true},{""name"":""scope"",""type"":""String"",""displayName"":""Scope"",""description"":""An optional scope to use for the dependency management tag. Relevant only to Maven."",""example"":""import"",""valid"":[""import"",""runtime"",""provided"",""test""]},{""name"":""type"",""type"":""String"",""displayName"":""Type"",""description"":""An optional type to use for the dependency management tag. Relevant only to Maven builds."",""example"":""pom"",""valid"":[""jar"",""pom"",""war""]},{""name"":""classifier"",""type"":""String"",""displayName"":""Classifier"",""description"":""An optional classifier to use for the dependency management tag. Relevant only to Maven."",""example"":""test""},{""name"":""versionPattern"",""type"":""String"",""displayName"":""Version pattern"",""description"":""Allows version selection to be extended beyond the original Node Semver semantics. So for example,Setting 'version' to \""25-29\"" can be paired with a metadata pattern of \""-jre\"" to select 29.0-jre"",""example"":""-jre""},{""name"":""because"",""type"":""String"",""displayName"":""Because"",""description"":""The reason for upgrading the transitive dependency. For example, we could be responding to a vulnerability."",""example"":""CVE-2021-1234""},{""name"":""releasesOnly"",""type"":""Boolean"",""displayName"":""Releases only"",""description"":""Whether to exclude snapshots from consideration when using a semver selector""},{""name"":""onlyIfUsing"",""type"":""String"",""displayName"":""Only if using glob expression for group:artifact"",""description"":""Only add managed dependencies to projects having a dependency matching the expression."",""example"":""org.apache.logging.log4j:log4j*""},{""name"":""addToRootPom"",""type"":""Boolean"",""displayName"":""Add to the root pom"",""description"":""Add to the root pom where root is the eldest parent of the pom within the source set.""}]",
maven,org.openrewrite.recipe:rewrite-java-dependencies,org.openrewrite.java.dependencies.search.DoesNotIncludeDependency,Does not include dependency for Gradle and Maven,"A precondition which returns false if visiting a Gradle file / Maven pom which includes the specified dependency in the classpath of some Gradle configuration / Maven scope. For compatibility with multimodule projects, this should most often be applied as a precondition.",1,Search,Dependencies,Java,,,Basic building blocks for transforming Java code.,"[{""name"":""groupId"",""type"":""String"",""displayName"":""Group"",""description"":""The first part of a dependency coordinate `com.google.guava:guava:VERSION`. Supports glob."",""example"":""com.google.guava"",""required"":true},{""name"":""artifactId"",""type"":""String"",""displayName"":""Artifact"",""description"":""The second part of a dependency coordinate `com.google.guava:guava:VERSION`. Supports glob."",""example"":""guava"",""required"":true},{""name"":""version"",""type"":""String"",""displayName"":""Version"",""description"":""Match only dependencies with the specified resolved version. Node-style [version selectors](https://docs.openrewrite.org/reference/dependency-version-selectors) may be used. All versions are searched by default."",""example"":""1.x""},{""name"":""onlyDirect"",""type"":""Boolean"",""displayName"":""Only direct dependencies"",""description"":""Default false. If enabled, transitive dependencies will not be considered."",""example"":""true""},{""name"":""scope"",""type"":""String"",""displayName"":""Maven scope"",""description"":""Default any. If specified, only the requested scope's classpaths will be checked."",""example"":""compile"",""valid"":[""compile"",""test"",""runtime"",""provided""]},{""name"":""configuration"",""type"":""String"",""displayName"":""Gradle configuration"",""description"":""Match dependencies with the specified configuration. If not specified, all configurations will be searched."",""example"":""compileClasspath""}]",
maven,org.openrewrite.recipe:rewrite-java-dependencies,org.openrewrite.java.dependencies.search.FindDuplicateClasses,Find duplicate classes on the classpath,Detects classes that appear in multiple dependencies on the classpath. This is similar to what the Maven duplicate-finder-maven-plugin does. Duplicate classes can cause runtime issues when different versions of the same class are loaded.,1,Search,Dependencies,Java,,,Basic building blocks for transforming Java code.,,"[{""name"":""org.openrewrite.java.dependencies.table.DuplicateClassesReport"",""displayName"":""Duplicate classes report"",""description"":""Lists classes that appear in multiple dependencies on the classpath"",""columns"":[{""name"":""projectName"",""type"":""String"",""displayName"":""Project name"",""description"":""The project containing the duplicate.""},{""name"":""sourceSet"",""type"":""String"",""displayName"":""Source set"",""description"":""The source set containing the duplicate (e.g., main, test).""},{""name"":""typeName"",""type"":""String"",""displayName"":""Type name"",""description"":""The fully qualified name of the duplicate class.""},{""name"":""dependency1"",""type"":""String"",""displayName"":""Dependency 1"",""description"":""The first dependency containing the class (group:artifact:version).""},{""name"":""dependency2"",""type"":""String"",""displayName"":""Dependency 2"",""description"":""The second dependency containing the class (group:artifact:version).""},{""name"":""additionalDependencies"",""type"":""String"",""displayName"":""Additional dependencies"",""description"":""Any additional dependencies beyond the first two that also contain this class, comma-separated.""}]}]"
maven,org.openrewrite.recipe:rewrite-java-dependencies,org.openrewrite.java.dependencies.search.FindMinimumDependencyVersion,Find the oldest matching dependency version in use,"The oldest dependency version in use is the lowest dependency version in use in any source set of any subproject of a repository. It is possible that, for example, the main source set of a project uses Jackson 2.11, but a test source set uses Jackson 2.16. In this case, the oldest Jackson version in use is Java 2.11.",1,Search,Dependencies,Java,,,Basic building blocks for transforming Java code.,"[{""name"":""groupIdPattern"",""type"":""String"",""displayName"":""Group pattern"",""description"":""Group ID glob pattern used to match dependencies."",""example"":""com.fasterxml.jackson.module"",""required"":true},{""name"":""artifactIdPattern"",""type"":""String"",""displayName"":""Artifact pattern"",""description"":""Artifact ID glob pattern used to match dependencies."",""example"":""jackson-module-*"",""required"":true},{""name"":""version"",""type"":""String"",""displayName"":""Version"",""description"":""Match only dependencies with the specified version. Node-style [version selectors](https://docs.openrewrite.org/reference/dependency-version-selectors) may be used. All versions are searched by default."",""example"":""1.x""}]","[{""name"":""org.openrewrite.maven.table.DependenciesInUse"",""displayName"":""Dependencies in use"",""description"":""Direct and transitive dependencies in use."",""columns"":[{""name"":""projectName"",""type"":""String"",""displayName"":""Project name"",""description"":""The name of the project that contains the dependency.""},{""name"":""sourceSet"",""type"":""String"",""displayName"":""Source set"",""description"":""The source set that contains the dependency.""},{""name"":""groupId"",""type"":""String"",""displayName"":""Group"",""description"":""The first part of a dependency coordinate `com.google.guava:guava:VERSION`.""},{""name"":""artifactId"",""type"":""String"",""displayName"":""Artifact"",""description"":""The second part of a dependency coordinate `com.google.guava:guava:VERSION`.""},{""name"":""version"",""type"":""String"",""displayName"":""Version"",""description"":""The resolved version.""},{""name"":""datedSnapshotVersion"",""type"":""String"",""displayName"":""Dated snapshot version"",""description"":""The resolved dated snapshot version or `null` if this dependency is not a snapshot.""},{""name"":""scope"",""type"":""String"",""displayName"":""Scope"",""description"":""Dependency scope. This will be `compile` if the dependency is direct and a scope is not explicitly specified in the POM.""},{""name"":""count"",""type"":""Integer"",""displayName"":""Count"",""description"":""How many times does this dependency appear.""}]}]"
maven,org.openrewrite.recipe:rewrite-java-dependencies,org.openrewrite.java.dependencies.search.FindMinimumJUnitVersion,Find minimum JUnit version,"A recipe to find the minimum version of JUnit dependencies. This recipe is designed to return the minimum version of JUnit in a project. It will search for JUnit 4 and JUnit 5 dependencies in the project. If both versions are found, it will return the minimum version of JUnit 4.
If a minimumVersion is provided, the recipe will search to see if the minimum version of JUnit used by the project is no lower than the minimumVersion.
For example: if the minimumVersion is 4, and the project has JUnit 4.12 and JUnit 5.7, the recipe will return JUnit 4.12. If the project has only JUnit 5.7, the recipe will return JUnit 5.7.
Another example: if the minimumVersion is 5, and the project has JUnit 4.12 and JUnit 5.7, the recipe will not return any results.",1,Search,Dependencies,Java,,,Basic building blocks for transforming Java code.,"[{""name"":""minimumVersion"",""type"":""String"",""displayName"":""Version"",""description"":""Determine if the provided version is the minimum JUnit version. If both JUnit 4 and JUnit 5 are present, the minimum version is JUnit 4. If only one version is present, that version is the minimum version."",""example"":""4"",""valid"":[""4"",""5""]}]","[{""name"":""org.openrewrite.maven.table.DependenciesInUse"",""displayName"":""Dependencies in use"",""description"":""Direct and transitive dependencies in use."",""columns"":[{""name"":""projectName"",""type"":""String"",""displayName"":""Project name"",""description"":""The name of the project that contains the dependency.""},{""name"":""sourceSet"",""type"":""String"",""displayName"":""Source set"",""description"":""The source set that contains the dependency.""},{""name"":""groupId"",""type"":""String"",""displayName"":""Group"",""description"":""The first part of a dependency coordinate `com.google.guava:guava:VERSION`.""},{""name"":""artifactId"",""type"":""String"",""displayName"":""Artifact"",""description"":""The second part of a dependency coordinate `com.google.guava:guava:VERSION`.""},{""name"":""version"",""type"":""String"",""displayName"":""Version"",""description"":""The resolved version.""},{""name"":""datedSnapshotVersion"",""type"":""String"",""displayName"":""Dated snapshot version"",""description"":""The resolved dated snapshot version or `null` if this dependency is not a snapshot.""},{""name"":""scope"",""type"":""String"",""displayName"":""Scope"",""description"":""Dependency scope. This will be `compile` if the dependency is direct and a scope is not explicitly specified in the POM.""},{""name"":""count"",""type"":""Integer"",""displayName"":""Count"",""description"":""How many times does this dependency appear.""}]}]"
maven,org.openrewrite.recipe:rewrite-java-dependencies,org.openrewrite.java.dependencies.search.ModuleHasDependency,Module has dependency,"Searches for both Gradle and Maven modules that have a dependency matching the specified groupId and artifactId. Places a `SearchResult` marker on all sources within a module with a matching dependency. This recipe is intended to be used as a precondition for other recipes. For example this could be used to limit the application of a spring boot migration to only projects that use spring-boot-starter, limiting unnecessary upgrading. If the search result you want is instead just the build.gradle(.kts) or pom.xml file applying the plugin, use the `FindDependency` recipe instead.",1,Search,Dependencies,Java,,,Basic building blocks for transforming Java code.,"[{""name"":""groupIdPattern"",""type"":""String"",""displayName"":""Group pattern"",""description"":""Group glob pattern used to match dependencies."",""example"":""com.fasterxml.jackson.module"",""required"":true},{""name"":""artifactIdPattern"",""type"":""String"",""displayName"":""Artifact pattern"",""description"":""Artifact glob pattern used to match dependencies."",""example"":""jackson-module-*"",""required"":true},{""name"":""scope"",""type"":""String"",""displayName"":""Scope"",""description"":""Match dependencies with the specified scope. All scopes are searched by default."",""example"":""compile"",""valid"":[""compile"",""test"",""runtime"",""provided"",""system""]},{""name"":""version"",""type"":""String"",""displayName"":""Version"",""description"":""Match only dependencies with the specified version. Node-style [version selectors](https://docs.openrewrite.org/reference/dependency-version-selectors) may be used.All versions are searched by default."",""example"":""1.x""},{""name"":""invertMarking"",""type"":""Boolean"",""displayName"":""Invert marking"",""description"":""If `true`, will invert the check for whether to mark a file. Defaults to `false`.""}]",
maven,org.openrewrite.recipe:rewrite-java-dependencies,org.openrewrite.java.dependencies.search.RepositoryHasDependency,Repository has dependency,"Searches for both Gradle and Maven modules that have a dependency matching the specified groupId and artifactId. Places a `SearchResult` marker on all sources within a repository with a matching dependency. This recipe is intended to be used as a precondition for other recipes. For example this could be used to limit the application of a spring boot migration to only projects that use a springframework dependency, limiting unnecessary upgrading. If the search result you want is instead just the build.gradle(.kts) or pom.xml file applying the plugin, use the `FindDependency` recipe instead.",1,Search,Dependencies,Java,,,Basic building blocks for transforming Java code.,"[{""name"":""groupIdPattern"",""type"":""String"",""displayName"":""Group pattern"",""description"":""Group glob pattern used to match dependencies."",""example"":""com.fasterxml.jackson.module"",""required"":true},{""name"":""artifactIdPattern"",""type"":""String"",""displayName"":""Artifact pattern"",""description"":""Artifact glob pattern used to match dependencies."",""example"":""jackson-module-*"",""required"":true},{""name"":""scope"",""type"":""String"",""displayName"":""Scope"",""description"":""Match dependencies with the specified scope. All scopes are searched by default."",""example"":""compile"",""valid"":[""compile"",""test"",""runtime"",""provided"",""system""]},{""name"":""version"",""type"":""String"",""displayName"":""Version"",""description"":""Match only dependencies with the specified version. Node-style [version selectors](https://docs.openrewrite.org/reference/dependency-version-selectors) may be used.All versions are searched by default."",""example"":""1.x""}]",
